Workbook

Sheet Tutti in ordine di studio
A1: Fase | B1: Unità | C1: N. studio | D1: N. HSK | E1: 汉字 · Caratteri | F1: Pinyin | G1: Significato italiano | H1: Esempio in cinese | I1: Pinyin frase | J1: Traduzione esempio EN
A2: Fase 1 · Fondamenta | B2: 01 Numeri | C2: 1 | D2: 184 | E2: 十 | F2: shí | G2: dieci • 10 | H2: 我有十本书。 | I2: Wǒ yǒu shí běn shū. | J2: I have ten books.
A3: Fase 1 · Fondamenta | B3: 01 Numeri | C3: 2 | D3: 254 | E3: 一 | F3: yī | G3: uno • 1 • un | H3: 我有一个弟弟。 | I3: Wǒ yǒu yí gè dìdi. | J3: I have a younger brother.
A4: Fase 1 · Fondamenta | B4: 01 Numeri | C4: 3 | D4: 49 | E4: 二 | F4: èr | G4: due • 2 | H4: 我家有二十本书。 | I4: Wǒ jiā yǒu èrshí běn shū. | J4: My family has twenty books.
A5: Fase 1 · Fondamenta | B5: 01 Numeri | C5: 4 | D5: 173 | E5: 三 | F5: sān | G5: tre • 3 | H5: 我有三个好朋友。 | I5: Wǒ yǒu sān gè hǎo péngyou. | J5: I have three good friends.
A6: Fase 1 · Fondamenta | B6: 01 Numeri | C6: 5 | D6: 198 | E6: 四 | F6: sì | G6: quattro • 4 | H6: 我家有四口人。 | I6: Wǒ jiā yǒu sì kǒu rén. | J6: There are four people in my family.
A7: Fase 1 · Fondamenta | B7: 01 Numeri | C7: 6 | D7: 223 | E7: 五 | F7: wǔ | G7: cinque • 5 | H7: 我每天工作五个小时。 | I7: Wǒ měitiān gōngzuò wǔ gè xiǎoshí. | J7: I work five hours every day.
A8: Fase 1 · Fondamenta | B8: 01 Numeri | C8: 7 | D8: 113 | E8: 六 | F8: liù | G8: sei • 6 | H8: 我六点起床。 | I8: Wǒ liù diǎn qǐchuáng. | J8: I get up at six o'clock.
A9: Fase 1 · Fondamenta | B9: 01 Numeri | C9: 8 | D9: 160 | E9: 七 | F9: qī | G9: sette • 7 | H9: 一个星期有七天。 | I9: Yí gè xīngqī yǒu qī tiān. | J9: There are seven days in a week.
A10: Fase 1 · Fondamenta | B10: 01 Numeri | C10: 9 | D10: 2 | E10: 八 | F10: bā | G10: otto • 8 | H10: 今天是八月八号。 | I10: Jīntiān shì bā yuè bā hào. | J10: Today is August 8th.
A11: Fase 1 · Fondamenta | B11: 01 Numeri | C11: 10 | D11: 95 | E11: 九 | F11: jiǔ | G11: nove • 9 | H11: 他们家有九口人。 | I11: Tāmen jiā yǒu jiǔ kǒu rén. | J11: There are nine people in their family.
A12: Fase 1 · Fondamenta | B12: 01 Numeri | C12: 11 | D12: 112 | E12: 零 | F12: líng | G12: zero • 0 • 〇 | H12: 他今年十岁零三个月。 | I12: Tā jīnnián shí suì líng sān gè yuè. | J12: He is ten years and three months old this year.
A13: Fase 1 · Fondamenta | B13: 01 Numeri | C13: 12 | D13: 111 | E13: 两 | F13: liǎng | G13: due (con classificatore) | H13: 我有两个姐姐。 | I13: Wǒ yǒu liǎng gè jiějie. | J13: I have two older sisters.
... A301: Fase 3 · Ampliamento | B301: 23 Grammatica avanzata | C301: 300 | D301: 187 | E301: 事 | F301: shì | G301: cosa; faccenda | H301: 你有什么事？ | I301: Nǐ yǒu shénme shì? | J301: What's the matter?

Sheet 01 Numeri
A1: N. studio | B1: N. HSK | C1: 汉字 · Caratteri | D1: Pinyin | E1: Significato italiano | F1: Esempio in cinese | G1: Pinyin frase | H1: Traduzione esempio EN
A2: 1 | B2: 184 | C2: 十 | D2: shí | E2: dieci • 10 | F2: 我有十本书。 | G2: Wǒ yǒu shí běn shū. | H2: I have ten books.
A3: 2 | B3: 254 | C3: 一 | D3: yī | E3: uno • 1 • un | F3: 我有一个弟弟。 | G3: Wǒ yǒu yí gè dìdi. | H3: I have a younger brother.
A4: 3 | B4: 49 | C4: 二 | D4: èr | E4: due • 2 | F4: 我家有二十本书。 | G4: Wǒ jiā yǒu èrshí běn shū. | H4: My family has twenty books.
A5: 4 | B5: 173 | C5: 三 | D5: sān | E5: tre • 3 | F5: 我有三个好朋友。 | G5: Wǒ yǒu sān gè hǎo péngyou. | H5: I have three good friends.
A6: 5 | B6: 198 | C6: 四 | D6: sì | E6: quattro • 4 | F6: 我家有四口人。 | G6: Wǒ jiā yǒu sì kǒu rén. | H6: There are four people in my family.
A7: 6 | B7: 223 | C7: 五 | D7: wǔ | E7: cinque • 5 | F7: 我每天工作五个小时。 | G7: Wǒ měitiān gōngzuò wǔ gè xiǎoshí. | H7: I work five hours every day.
A8: 7 | B8: 113 | C8: 六 | D8: liù | E8: sei • 6 | F8: 我六点起床。 | G8: Wǒ liù diǎn qǐchuáng. | H8: I get up at six o'clock.
A9: 8 | B9: 160 | C9: 七 | D9: qī | E9: sette • 7 | F9: 一个星期有七天。 | G9: Yí gè xīngqī yǒu qī tiān. | H9: There are seven days in a week.
A10: 9 | B10: 2 | C10: 八 | D10: bā | E10: otto • 8 | F10: 今天是八月八号。 | G10: Jīntiān shì bā yuè bā hào. | H10: Today is August 8th.
A11: 10 | B11: 95 | C11: 九 | D11: jiǔ | E11: nove • 9 | F11: 他们家有九口人。 | G11: Tāmen jiā yǒu jiǔ kǒu rén. | H11: There are nine people in their family.
A12: 11 | B12: 112 | C12: 零 | D12: líng | E12: zero • 0 • 〇 | F12: 他今年十岁零三个月。 | G12: Tā jīnnián shí suì líng sān gè yuè. | H12: He is ten years and three months old this year.
A13: 12 | B13: 111 | C13: 两 | D13: liǎng | E13: due (con classificatore) | F13: 我有两个姐姐。 | G13: Wǒ yǒu liǎng gè jiějie. | H13: I have two older sisters.
... A16: 15 | B16: 31 | C16: 第 | D16: dì | E16: prefisso dei numeri ordinali | F16: 他是我的第一个朋友。 | G16: Tā shì wǒ de dì yī gè péngyou. | H16: He is my first friend.

Sheet 02 Saluti e cortesia
A1: N. studio | B1: N. HSK | C1: 汉字 · Caratteri | D1: Pinyin | E1: Significato italiano | F1: Esempio in cinese | G1: Pinyin frase | H1: Traduzione esempio EN
A2: 16 | B2: 147 | C2: 你好 | D2: nǐ hǎo | E2: Ciao | F2: 你好，很高兴认识你。 | G2: Nǐ hǎo, hěn gāoxìng rènshi nǐ. | H2: Hello, nice to meet you.
A3: 17 | B3: 241 | C3: 谢谢 | D3: xièxie | E3: grazie | F3: 谢谢你的帮助。 | G3: Xièxie nǐ de bāngzhù. | H3: Thank you for your help.
A4: 18 | B4: 14 | C4: 不客气 | D4: bú kèqi | E4: prego; di niente | F4: 不客气，这是我应该做的。 | G4: Bú kèqi, zhè shì wǒ yīnggāi zuò de. | H4: You're welcome, it's what I should do.
A5: 19 | B5: 45 | C5: 对不起 | D5: duìbuqǐ | E5: mi dispiace • scusa | F5: 对不起，我来晚了。 | G5: Duìbuqǐ, wǒ lái wǎn le. | H5: Sorry, I'm late.
A6: 20 | B6: 120 | C6: 没关系 | D6: méi guānxi | E6: non ha importanza | F6: 没关系，不用担心。 | G6: Méi guānxi, búyòng dānxīn. | H6: It's okay, don't worry.
A7: 21 | B7: 121 | C7: 没事 | D7: méishì | E7: non fa niente; tutto bene | F7: 你没事吧？ | G7: Nǐ méishì ba? | H7: Are you alright?
A8: 22 | B8: 272 | C8: 再见 | D8: zàijiàn | E8: arrivederci | F8: 再见，明天见！ | G8: Zàijiàn, míngtiān jiàn! | H8: Goodbye, see you tomorrow!
A9: 23 | B9: 165 | C9: 请 | D9: qǐng | E9: per favore; invitare | F9: 请坐！ | G9: Qǐng zuò! | H9: Please have a seat!
A10: 24 | B10: 166 | C10: 请问 | D10: qǐngwèn | E10: Scusi | F10: 请问，去火车站怎么走？ | G10: Qǐngwèn, qù huǒchēzhàn zěnme zǒu? | H10: Excuse me, how do I get to the train station?
A11: 25 | B11: 218 | C11: 喂 | D11: wèi | E11: pronto? (al telefono) | F11: 喂，请问是李先生吗？ | G11: Wèi, qǐngwèn shì Lǐ xiānsheng ma? | H11: Hello, is this Mr. Li?

Sheet 03 Pronomi personali
A1: N. studio | B1: N. HSK | C1: 汉字 · Caratteri | D1: Pinyin | E1: Significato italiano | F1: Esempio in cinese | G1: Pinyin frase | H1: Traduzione esempio EN
A2: 26 | B2: 221 | C2: 我 | D2: wǒ | E2: io | F2: 我是学生。 | G2: Wǒ shì xuéshēng. | H2: I am a student.
A3: 27 | B3: 146 | C3: 你 | D3: nǐ | E3: tu | F3: 你好，你是新来的吗？ | G3: Nǐ hǎo, nǐ shì xīn lái de ma? | H3: Hello, are you new here?
A4: 28 | B4: 150 | C4: 您 | D4: nín | E4: Lei | F4: 请问您贵姓？ | G4: Qǐngwèn nín guì xìng? | H4: May I ask your surname?
A5: 29 | B5: 200 | C5: 他 | D5: tā | E5: lui | F5: 他是我的同学。 | G5: Tā shì wǒ de tóngxué. | H5: He is my classmate.
A6: 30 | B6: 202 | C6: 她 | D6: tā | E6: lei | F6: 她是我的姐姐。 | G6: Tā shì wǒ de jiějie. | H6: She is my older sister.
A7: 31 | B7: 201 | C7: 它 | D7: tā | E7: esso/essa (animale o oggetto) | F7: 我的猫很可爱，它喜欢睡觉。 | G7: Wǒ de māo hěn kě'ài, tā xǐhuan shuìjiào. | H7: My cat is very cute; it likes to sleep.
A8: 32 | B8: 222 | C8: 我们 | D8: wǒmen | E8: noi | F8: 我们是好朋友。 | G8: Wǒmen shì hǎo péngyou. | H8: We are good friends.
A9: 33 | B9: 148 | C9: 你们 | D9: nǐmen | E9: voi | F9: 你们想吃什么？ | G9: Nǐmen xiǎng chī shénme? | H9: What do you all want to eat?
A10: 34 | B10: 203 | C10: 他们 | D10: tāmen | E10: loro • li, loro | F10: 他们都是学生。 | G10: Tāmen dōu shì xuéshēng. | H10: They are all students.
A11: 35 | B11: 205 | C11: 她们 | D11: tāmen | E11: loro • le, loro (per le donne) | F11: 她们是我的同学。 | G11: Tāmen shì wǒ de tóngxué. | H11: They (female) are my classmates.
A12: 36 | B12: 204 | C12: 它们 | D12: tāmen | E12: essi (per oggetti inanimati) | F12: 这些花很漂亮，它们是红色的。 | G12: Zhèxiē huā hěn piàoliang, tāmen shì hóngsè de. | H12: These flowers are beautiful; they are red.
A13: 37 | B13: 26 | C13: 大家 | D13: dàjiā | E13: tutti; tutti quanti | F13: 大家好，我是新同学。 | G13: Dàjiā hǎo, wǒ shì xīn tóngxué. | H13: Hello everyone, I'm a new classmate.
A14: 38 | B14: 124 | C14: 们 | D14: men | E14: suffisso plurale per persone | F14: 同学们好！ | G14: Tóngxuémen hǎo! | H14: Hello, classmates!

Sheet 04 Presentarsi
A1: N. studio | B1: N. HSK | C1: 汉字 · Caratteri | D1: Pinyin | E1: Significato italiano | F1: Esempio in cinese | G1: Pinyin frase | H1: Traduzione esempio EN
A2: 39 | B2: 91 | C2: 叫 | D2: jiào | E2: chiamarsi | F2: 我叫李明。 | G2: Wǒ jiào Lǐ Míng. | H2: My name is Li Ming.
A3: 40 | B3: 130 | C3: 名字 | D3: míngzi | E3: nome | F3: 请问你叫什么名字？ | G3: Qǐngwèn nǐ jiào shénme míngzi? | H3: May I ask what your name is?
A4: 41 | B4: 188 | C4: 是 | D4: shì | E4: essere • sì | F4: 我是中国人。 | G4: Wǒ shì Zhōngguó rén. | H4: I am Chinese.
A5: 42 | B5: 170 | C5: 人 | D5: rén | E5: persona • gente | F5: 那个人是我的老师。 | G5: Nàge rén shì wǒ de lǎoshī. | H5: That person is my teacher.
A6: 43 | B6: 66 | C6: 国 | D6: guó | E6: paese • nazione • stato • nazionale | F6: 中国是一个大国。 | G6: Zhōngguó shì yí gè dà guó. | H6: China is a big country.
A7: 44 | B7: 289 | C7: 中国 | D7: Zhōngguó | E7: Cina | F7: 中国有很多好吃的东西。 | G7: Zhōngguó yǒu hěn duō hǎochī de dōngxi. | H7: China has a lot of delicious food.
A8: 45 | B8: 290 | C8: 中文 | D8: Zhōngwén | E8: lingua cinese scritta | F8: 你的中文说得很好。 | G8: Nǐ de Zhōngwén shuō de hěn hǎo. | H8: Your Chinese is very good.
A9: 46 | B9: 69 | C9: 汉语 | D9: Hànyǔ | E9: lingua cinese | F9: 我在学汉语。 | G9: Wǒ zài xué Hànyǔ. | H9: I am learning Chinese.
A10: 47 | B10: 70 | C10: 汉字 | D10: Hànzì | E10: carattere cinese | F10: 汉字很有意思。 | G10: Hànzì hěn yǒu yìsi. | H10: Chinese characters are very interesting.
A11: 48 | B11: 296 | C11: 字 | D11: zì | E11: parola • carattere • simbolo | F11: 这个字怎么写？ | G11: Zhège zì zěnme xiě? | H11: How do you write this character?

Sheet 05 Particelle e parole-chiave
A1: N. studio | B1: N. HSK | C1: 汉字 · Caratteri | D1: Pinyin | E1: Significato italiano | F1: Esempio in cinese | G1: Pinyin frase | H1: Traduzione esempio EN
A2: 49 | B2: 13 | C2: 不 | D2: bù | E2: non | F2: 我不喝咖啡。 | G2: Wǒ bù hē kāfēi. | H2: I don't drink coffee.
A3: 50 | B3: 30 | C3: 的 | D3: de | E3: particella possessiva e attributiva | F3: 这是我的书。 | G3: Zhè shì wǒ de shū. | H3: This is my book.
A4: 51 | B4: 115 | C4: 吗 | D4: ma | E4: particella interrogativa | F4: 你是学生吗？ | G4: Nǐ shì xuéshēng ma? | H4: Are you a student?
A5: 52 | B5: 144 | C5: 呢 | D5: ne | E5: particella interrogativa: e tu? | F5: 你呢？你喜欢什么？ | G5: Nǐ ne? Nǐ xǐhuan shénme? | H5: And you? What do you like?
A6: 53 | B6: 4 | C6: 吧 | D6: ba | E6: particella per suggerimenti e inviti | F6: 我们走吧。 | G6: Wǒmen zǒu ba. | H6: Let's go.
A7: 54 | B7: 79 | C7: 很 | D7: hěn | E7: molto | F7: 她很漂亮。 | G7: Tā hěn piàoliang. | H7: She is very beautiful.
A8: 55 | B8: 263 | C8: 有 | D8: yǒu | E8: avere • essere • esserci | F8: 我有一只猫。 | G8: Wǒ yǒu yì zhī māo. | H8: I have a cat.
A9: 56 | B9: 122 | C9: 没有 | D9: méiyǒu | E9: non avere • non esistere • a meno | F9: 我没有手机。 | G9: Wǒ méiyǒu shǒujī. | H9: I don't have a phone.
A10: 57 | B10: 271 | C10: 在 | D10: zài | E10: essere a | F10: 他在家里。 | G10: Tā zài jiā lǐ. | H10: He is at home.
A11: 58 | B11: 41 | C11: 都 | D11: dōu | E11: tutti; entrambi | F11: 我们都是中国人。 | G11: Wǒmen dōu shì Zhōngguó rén. | H11: We are all Chinese.
A12: 59 | B12: 253 | C12: 也 | D12: yě | E12: anche | F12: 我也喜欢吃中国菜。 | G12: Wǒ yě xǐhuan chī Zhōngguó cài. | H12: I also like eating Chinese food.
A13: 60 | B13: 206 | C13: 太 | D13: tài | E13: troppo • eccessivamente | F13: 这个太贵了。 | G13: Zhège tài guì le. | H13: This is too expensive.
... A15: 62 | B15: 285 | C15: 真 | D15: zhēn | E15: davvero; veramente | F15: 今天真热！ | G15: Jīntiān zhēn rè! | H15: It's really hot today!

Sheet 06 Famiglia e persone
A1: N. studio | B1: N. HSK | C1: 汉字 · Caratteri | D1: Pinyin | E1: Significato italiano | F1: Esempio in cinese | G1: Pinyin frase | H1: Traduzione esempio EN
A2: 63 | B2: 114 | C2: 妈妈 | D2: māma | E2: mamma | F2: 妈妈在做饭。 | G2: Māma zài zuòfàn. | H2: Mom is cooking.
A3: 64 | B3: 3 | C3: 爸爸 | D3: bàba | E3: papà | F3: 爸爸在家里看电视。 | G3: Bàba zài jiālǐ kàn diànshì. | H3: Dad is watching TV at home.
A4: 65 | B4: 59 | C4: 哥哥 | D4: gēge | E4: fratello maggiore | F4: 哥哥在北京工作。 | G4: Gēge zài Běijīng gōngzuò. | H4: My older brother works in Beijing.
A5: 66 | B5: 92 | C5: 姐姐 | D5: jiějie | E5: sorella maggiore | F5: 姐姐比我大三岁。 | G5: Jiějie bǐ wǒ dà sān suì. | H5: My older sister is three years older than me.
A6: 67 | B6: 32 | C6: 弟弟 | D6: dìdi | E6: fratello minore | F6: 我弟弟今年十岁。 | G6: Wǒ dìdi jīnnián shí suì. | H6: My younger brother is ten years old this year.
A7: 68 | B7: 123 | C7: 妹妹 | D7: mèimei | E7: sorella minore | F7: 妹妹在上小学。 | G7: Mèimei zài shàng xiǎoxué. | H7: My younger sister is in elementary school.
A8: 69 | B8: 48 | C8: 儿子 | D8: érzi | E8: figlio | F8: 他的儿子很聪明。 | G8: Tā de érzi hěn cōngming. | H8: His son is very smart.
A9: 70 | B9: 153 | C9: 女儿 | D9: nǚ’ér | E9: figlia | F9: 他的女儿今年五岁。 | G9: Tā de nǚ'ér jīnnián wǔ suì. | H9: His daughter is five years old this year.
A10: 71 | B10: 86 | C10: 家 | D10: jiā | E10: casa • famiglia | F10: 我家在北京。 | G10: Wǒ jiā zài Běijīng. | H10: My home is in Beijing.
A11: 72 | B11: 87 | C11: 家人 | D11: jiārén | E11: famiglia | F11: 我非常想我的家人。 | G11: Wǒ fēicháng xiǎng wǒ de jiārén. | H11: I miss my family very much.
A12: 73 | B12: 68 | C12: 孩子 | D12: háizi | E12: bambino | F12: 孩子们在外面玩。 | G12: Háizimen zài wàimiàn wán. | H12: The children are playing outside.
A13: 74 | B13: 235 | C13: 小朋友 | D13: xiǎopéngyǒu | E13: bambino; piccolo amico | F13: 小朋友们在唱歌。 | G13: Xiǎopéngyǒumen zài chànggē. | H13: The children are singing.
... A22: 83 | B22: 104 | C22: 口 | D22: kǒu | E22: bocca; classificatore per membri della famiglia | F22: 我们家有五口人。 | G22: Wǒmen jiā yǒu wǔ kǒu rén. | H22: There are five people in our family.

Sheet 07 Parole interrogative
A1: N. studio | B1: N. HSK | C1: 汉字 · Caratteri | D1: Pinyin | E1: Significato italiano | F1: Esempio in cinese | G1: Pinyin frase | H1: Traduzione esempio EN
A2: 84 | B2: 182 | C2: 什么 | D2: shénme | E2: che? • qualcosa | F2: 你在做什么？ | G2: Nǐ zài zuò shénme? | H2: What are you doing?
A3: 85 | B3: 181 | C3: 谁 | D3: shéi/shuí | E3: chi | F3: 他是谁？ | G3: Tā shì shéi? | H3: Who is he?
A4: 86 | B4: 131 | C4: 哪 | D4: nǎ | E4: quale | F4: 你是哪国人？ | G4: Nǐ shì nǎ guó rén? | H4: What country are you from?
A5: 87 | B5: 132 | C5: 哪个 | D5: nǎge | E5: quale tra questi? | F5: 哪个是你的杯子？ | G5: Nǎge shì nǐ de bēizi? | H5: Which one is your cup?
A6: 88 | B6: 133 | C6: 哪里 | D6: nǎlǐ | E6: dove | F6: 你住在哪里？ | G6: Nǐ zhù zài nǎlǐ? | H6: Where do you live?
A7: 89 | B7: 134 | C7: 哪儿 | D7: nǎr | E7: dove | F7: 你要去哪儿？ | G7: Nǐ yào qù nǎr? | H7: Where are you going?
A8: 90 | B8: 135 | C8: 哪些 | D8: nǎxiē | E8: quali? • chi? • cosa? | F8: 你喜欢哪些水果？ | G8: Nǐ xǐhuan nǎxiē shuǐguǒ? | H8: Which fruits do you like?
A9: 91 | B9: 85 | C9: 几 | D9: jǐ | E9: quanti? (piccolo numero) | F9: 你家有几口人？ | G9: Nǐ jiā yǒu jǐ kǒu rén? | H9: How many people are in your family?
A10: 92 | B10: 46 | C10: 多 | D10: duō | E10: molto | F10: 你家有多少人？ | G10: Nǐ jiā yǒu duōshao rén? | H10: How many people are in your family?
A11: 93 | B11: 47 | C11: 多少 | D11: duōshao | E11: quanto? • quanti? | F11: 这个多少钱？ | G11: Zhège duōshao qián? | H11: How much is this?
A12: 94 | B12: 276 | C12: 怎么 | D12: zěnme | E12: come? | F12: 这个字怎么读？ | G12: Zhège zì zěnme dú? | H12: How do you read this character?
A13: 95 | B13: 277 | C13: 怎么样 | D13: zěnmeyàng | E13: come sta? | F13: 这个电影怎么样？ | G13: Zhège diànyǐng zěnmeyàng? | H13: How is this movie?

Sheet 08 Questo, quello, qui, là
A1: N. studio | B1: N. HSK | C1: 汉字 · Caratteri | D1: Pinyin | E1: Significato italiano | F1: Esempio in cinese | G1: Pinyin frase | H1: Traduzione esempio EN
A2: 96 | B2: 279 | C2: 这 | D2: zhè | E2: questo • quello | F2: 这是什么？ | G2: Zhè shì shénme? | H2: What is this?
A3: 97 | B3: 136 | C3: 那 | D3: nà | E3: quello • allora, in quel caso | F3: 那是我的老师。 | G3: Nà shì wǒ de lǎoshī. | H3: That is my teacher.
A4: 98 | B4: 281 | C4: 这个 | D4: zhège | E4: questo | F4: 这个东西多少钱？ | G4: Zhège dōngxi duōshao qián? | H4: How much is this thing?
A5: 99 | B5: 138 | C5: 那个 | D5: nàge | E5: quello | F5: 那个人是谁？ | G5: Nàge rén shì shéi? | H5: Who is that person?
A6: 100 | B6: 284 | C6: 这些 | D6: zhèxiē | E6: questi | F6: 这些书都是我的。 | G6: Zhèxiē shū dōu shì wǒ de. | H6: These books are all mine.
A7: 101 | B7: 141 | C7: 那些 | D7: nàxiē | E7: quelli | F7: 那些书是谁的？ | G7: Nàxiē shū shì shéi de? | H7: Whose are those books?
A8: 102 | B8: 282 | C8: 这里 | D8: zhèlǐ | E8: qui | F8: 这里很漂亮。 | G8: Zhèlǐ hěn piàoliang. | H8: It's very beautiful here.
A9: 103 | B9: 283 | C9: 这儿 | D9: zhèr | E9: qui | F9: 你来这儿做什么？ | G9: Nǐ lái zhèr zuò shénme? | H9: What are you doing here?
A10: 104 | B10: 139 | C10: 那里 | D10: nàlǐ | E10: lì, in quel luogo | F10: 我想去那里看看。 | G10: Wǒ xiǎng qù nàlǐ kànkan. | H10: I want to go there to take a look.
A11: 105 | B11: 140 | C11: 那儿 | D11: nàr | E11: lì • là | F11: 那儿有一个商店。 | G11: Nàr yǒu yí gè shāngdiàn. | H11: There's a shop over there.
A12: 106 | B12: 280 | C12: 这边 | D12: zhèbiān | E12: da questa parte | F12: 请到这边来。 | G12: Qǐng dào zhèbiān lái. | H12: Please come over here.
A13: 107 | B13: 137 | C13: 那边 | D13: nàbiān | E13: da quella parte; laggiù | F13: 你的朋友在那边。 | G13: Nǐ de péngyou zài nàbiān. | H13: Your friend is over there.

Sheet 09 Posizione
A1: N. studio | B1: N. HSK | C1: 汉字 · Caratteri | D1: Pinyin | E1: Significato italiano | F1: Esempio in cinese | G1: Pinyin frase | H1: Traduzione esempio EN
A2: 108 | B2: 175 | C2: 上 | D2: shàng | E2: sopra; su; precedente | F2: 猫在桌子上。 | G2: Māo zài zhuōzi shàng. | H2: The cat is on the table.
A3: 109 | B3: 226 | C3: 下 | D3: xià | E3: sotto • più tardi • successivo | F3: 书在桌子下面。 | G3: Shū zài zhuōzi xiàmiàn. | H3: The book is under the table.
A4: 110 | B4: 110 | C4: 里 | D4: lǐ | E4: dentro | F4: 书在书包里。 | G4: Shū zài shūbāo lǐ. | H4: The book is in the bag.
A5: 111 | B5: 212 | C5: 外 | D5: wài | E5: da fuori • straniero | F5: 外面在下雨。 | G5: Wàimiàn zài xià yǔ. | H5: It's raining outside.
A6: 112 | B6: 213 | C6: 外边 | D6: wàibian | E6: fuori; all’esterno | F6: 孩子们在外边玩。 | G6: Háizimen zài wàibian wán. | H6: The children are playing outside.
A7: 113 | B7: 163 | C7: 前 | D7: qián | E7: davanti; prima | F7: 学校前面有一家书店。 | G7: Xuéxiào qiánmiàn yǒu yì jiā shūdiàn. | H7: There's a bookstore in front of the school.
A8: 114 | B8: 80 | C8: 后 | D8: hòu | E8: dopo; dietro | F8: 学校在医院的后面。 | G8: Xuéxiào zài yīyuàn de hòumiàn. | H8: The school is behind the hospital.
A9: 115 | B9: 11 | C9: 边 | D9: biān | E9: lato; bordo | F9: 学校在路的左边。 | G9: Xuéxiào zài lù de zuǒbiān. | H9: The school is on the left side of the road.

Sheet 10 Verbi essenziali
A1: N. studio | B1: N. HSK | C1: 汉字 · Caratteri | D1: Pinyin | E1: Significato italiano | F1: Esempio in cinese | G1: Pinyin frase | H1: Traduzione esempio EN
A2: 116 | B2: 167 | C2: 去 | D2: qù | E2: andare | F2: 我明天去学校。 | G2: Wǒ míngtiān qù xuéxiào. | H2: I'm going to school tomorrow.
A3: 117 | B3: 106 | C3: 来 | D3: lái | E3: venire | F3: 你来我家玩吧。 | G3: Nǐ lái wǒ jiā wán ba. | H3: Come to my house to play.
A4: 118 | B4: 81 | C4: 回 | D4: huí | E4: ritornare | F4: 我想回家。 | G4: Wǒ xiǎng huí jiā. | H4: I want to go home.
A5: 119 | B5: 29 | C5: 到 | D5: dào | E5: arrivare; fino a | F5: 我到学校了。 | G5: Wǒ dào xuéxiào le. | H5: I've arrived at school.
A6: 120 | B6: 21 | C6: 吃 | D6: chī | E6: mangiare | F6: 你吃饭了吗？ | G6: Nǐ chīfàn le ma? | H6: Have you eaten?
A7: 121 | B7: 77 | C7: 喝 | D7: hē | E7: bere | F7: 我每天喝很多水。 | G7: Wǒ měitiān hē hěn duō shuǐ. | H7: I drink a lot of water every day.
A8: 122 | B8: 99 | C8: 看 | D8: kàn | E8: guardare; leggere | F8: 我在看书。 | G8: Wǒ zài kàn shū. | H8: I'm reading a book.
A9: 123 | B9: 209 | C9: 听 | D9: tīng | E9: ascoltare | F9: 我喜欢听音乐。 | G9: Wǒ xǐhuan tīng yīnyuè. | H9: I like listening to music.
A10: 124 | B10: 196 | C10: 说 | D10: shuō | E10: parlare; dire | F10: 请你再说一次。 | G10: Qǐng nǐ zài shuō yí cì. | H10: Please say it again.
A11: 125 | B11: 225 | C11: 喜欢 | D11: xǐhuan | E11: piacere | F11: 我喜欢看电影。 | G11: Wǒ xǐhuan kàn diànyǐng. | H11: I like watching movies.
A12: 126 | B12: 1 | C12: 爱 | D12: ài | E12: amare • provare affetto | F12: 我爱我的家人。 | G12: Wǒ ài wǒ de jiārén. | H12: I love my family.
A13: 127 | B13: 233 | C13: 想 | D13: xiǎng | E13: volere • pensare • desiderare | F13: 我想去中国学汉语。 | G13: Wǒ xiǎng qù Zhōngguó xué Hànyǔ. | H13: I want to go to China to learn Chinese.
... A20: 134 | B20: 288 | C20: 知道 | D20: zhīdào | E20: sapere; essere a conoscenza | F20: 我不知道他的名字。 | G20: Wǒ bù zhīdào tā de míngzi. | H20: I don't know his name.

Sheet 11 Tempo - date e orari
A1: N. studio | B1: N. HSK | C1: 汉字 · Caratteri | D1: Pinyin | E1: Significato italiano | F1: Esempio in cinese | G1: Pinyin frase | H1: Traduzione esempio EN
A2: 135 | B2: 232 | C2: 现在 | D2: xiànzài | E2: adesso | F2: 现在几点了？ | G2: Xiànzài jǐ diǎn le? | H2: What time is it now?
A3: 136 | B3: 94 | C3: 今天 | D3: jīntiān | E3: oggi | F3: 今天星期几？ | G3: Jīntiān xīngqī jǐ? | H3: What day is it today?
A4: 137 | B4: 129 | C4: 明天 | D4: míngtiān | E4: domani | F4: 明天你有时间吗？ | G4: Míngtiān nǐ yǒu shíjiān ma? | H4: Do you have time tomorrow?
A5: 138 | B5: 297 | C5: 昨天 | D5: zuótiān | E5: ieri | F5: 昨天我去了商店。 | G5: Zuótiān wǒ qù le shāngdiàn. | H5: I went to the store yesterday.
A6: 139 | B6: 93 | C6: 今年 | D6: jīnnián | E6: quest'anno | F6: 今年我二十岁。 | G6: Jīnnián wǒ èrshí suì. | H6: I'm twenty years old this year.
A7: 140 | B7: 128 | C7: 明年 | D7: míngnián | E7: l'anno prossimo | F7: 明年我想去中国。 | G7: Míngnián wǒ xiǎng qù Zhōngguó. | H7: I want to go to China next year.
A8: 141 | B8: 168 | C8: 去年 | D8: qùnián | E8: anno scorso | F8: 去年我去了上海。 | G8: Qùnián wǒ qù le Shànghǎi. | H8: Last year I went to Shanghai.
A9: 142 | B9: 269 | C9: 月 | D9: yuè | E9: luna • mese | F9: 这个月我很忙。 | G9: Zhège yuè wǒ hěn máng. | H9: I'm very busy this month.
A10: 143 | B10: 172 | C10: 日 | D10: rì | E10: sole • giorno | F10: 今天是十月一日。 | G10: Jīntiān shì shí yuè yī rì. | H10: Today is October 1st.
A11: 144 | B11: 76 | C11: 号 | D11: hào | E11: numero • giorno del mese | F11: 今天几月几号？ | G11: Jīntiān jǐ yuè jǐ hào? | H11: What's the date today?
A12: 145 | B12: 149 | C12: 年 | D12: nián | E12: anno | F12: 一年有十二个月。 | G12: Yì nián yǒu shí'èr gè yuè. | H12: There are twelve months in a year.
A13: 146 | B13: 207 | C13: 天 | D13: tiān | E13: giorno • cielo • il cielo | F13: 今天天气很好。 | G13: Jīntiān tiānqì hěn hǎo. | H13: The weather is great today.
... A22: 155 | B22: 186 | C22: 时间 | D22: shíjiān | E22: tempo • periodo | F22: 我没有时间。 | G22: Wǒ méiyǒu shíjiān. | H22: I don't have time.

Sheet 12 Momenti della giornata
A1: N. studio | B1: N. HSK | C1: 汉字 · Caratteri | D1: Pinyin | E1: Significato italiano | F1: Esempio in cinese | G1: Pinyin frase | H1: Traduzione esempio EN
A2: 156 | B2: 273 | C2: 早 | D2: zǎo | E2: presto • mattina • buongiorno! | F2: 你今天来得很早。 | G2: Nǐ jīntiān lái de hěn zǎo. | H2: You came very early today.
A3: 157 | B3: 275 | C3: 早上 | D3: zǎoshang | E3: mattina • di mattina presto | F3: 早上好！ | G3: Zǎoshang hǎo! | H3: Good morning!
A4: 158 | B4: 178 | C4: 上午 | D4: shàngwǔ | E4: mattina | F4: 上午我有两节课。 | G4: Shàngwǔ wǒ yǒu liǎng jié kè. | H4: I have two classes in the morning.
A5: 159 | B5: 291 | C5: 中午 | D5: zhōngwǔ | E5: mezzogiorno | F5: 中午我们一起吃饭吧。 | G5: Zhōngwǔ wǒmen yìqǐ chīfàn ba. | H5: Let's eat lunch together.
A6: 160 | B6: 230 | C6: 下午 | D6: xiàwǔ | E6: pomeriggio | F6: 下午我去商店买东西。 | G6: Xiàwǔ wǒ qù shāngdiàn mǎi dōngxi. | H6: I'm going shopping at the store this afternoon.
A7: 161 | B7: 217 | C7: 晚上 | D7: wǎnshang | E7: di sera | F7: 晚上我们一起吃饭。 | G7: Wǎnshang wǒmen yìqǐ chīfàn. | H7: Let's eat together in the evening.
A8: 162 | B8: 215 | C8: 晚 | D8: wǎn | E8: sera • notte • tardi | F8: 现在很晚了，我要睡觉了。 | G8: Xiànzài hěn wǎn le, wǒ yào shuìjiào le. | H8: It's very late now, I need to go to sleep.
A9: 163 | B9: 5 | C9: 白天 | D9: báitiān | E9: diurno • durante il giorno • giorno | F9: 白天我在公司工作。 | G9: Báitiān wǒ zài gōngsī gōngzuò. | H9: I work at the company during the day.
A10: 164 | B10: 161 | C10: 起床 | D10: qǐchuáng | E10: alzarsi dal letto | F10: 我每天早上七点起床。 | G10: Wǒ měitiān zǎoshang qī diǎn qǐchuáng. | H10: I get up at seven every morning.
A11: 165 | B11: 194 | C11: 睡 | D11: shuì | E11: dormire | F11: 他在睡觉。 | G11: Tā zài shuìjiào. | H11: He is sleeping.
A12: 166 | B12: 195 | C12: 睡觉 | D12: shuìjiào | E12: dormire | F12: 我每天晚上十点睡觉。 | G12: Wǒ měitiān wǎnshang shí diǎn shuìjiào. | H12: I go to sleep at ten every night.

Sheet 13 Cibo e bevande
A1: N. studio | B1: N. HSK | C1: 汉字 · Caratteri | D1: Pinyin | E1: Significato italiano | F1: Esempio in cinese | G1: Pinyin frase | H1: Traduzione esempio EN
A2: 167 | B2: 274 | C2: 早饭 | D2: zǎofàn | E2: colazione | F2: 你吃早饭了吗？ | G2: Nǐ chī zǎofàn le ma? | H2: Have you eaten breakfast?
A3: 168 | B3: 224 | C3: 午饭 | D3: wǔfàn | E3: pranzo | F3: 午饭我吃了米饭和菜。 | G3: Wǔfàn wǒ chī le mǐfàn hé cài. | H3: I had rice and dishes for lunch.
A4: 169 | B4: 216 | C4: 晚饭 | D4: wǎnfàn | E4: cena | F4: 晚饭你想吃什么？ | G4: Wǎnfàn nǐ xiǎng chī shénme? | H4: What do you want to eat for dinner?
A5: 170 | B5: 50 | C5: 饭 | D5: fàn | E5: cibo • cucina • riso cotto • pasto | F5: 该吃饭了。 | G5: Gāi chīfàn le. | H5: It's time to eat.
A6: 171 | B6: 300 | C6: 做饭 | D6: zuò fàn | E6: cucinare • preparare un piatto | F6: 我每天都做饭。 | G6: Wǒ měitiān dōu zuòfàn. | H6: I cook every day.
A7: 172 | B7: 125 | C7: 米饭 | D7: mǐfàn | E7: riso cotto | F7: 中国人喜欢吃米饭。 | G7: Zhōngguó rén xǐhuan chī mǐfàn. | H7: Chinese people like to eat rice.
A8: 173 | B8: 126 | C8: 面包 | D8: miànbāo | E8: pane | F8: 早上我吃了一个面包。 | G8: Zǎoshang wǒ chī le yí gè miànbāo. | H8: I ate a piece of bread in the morning.
A9: 174 | B9: 127 | C9: 面条儿 | D9: miàntiáor | E9: spaghetti cinesi | F9: 我中午吃面条儿。 | G9: Wǒ zhōngwǔ chī miàntiáor. | H9: I eat noodles for lunch.
A10: 175 | B10: 8 | C10: 包子 | D10: bāozi | E10: panino ripieno al vapore | F10: 早饭我吃了两个包子。 | G10: Zǎofàn wǒ chī le liǎng gè bāozi. | H10: I ate two steamed buns for breakfast.
A11: 176 | B11: 90 | C11: 饺子 | D11: jiǎozi | E11: raviolo | F11: 过年的时候我们吃饺子。 | G11: Guònián de shíhou wǒmen chī jiǎozi. | H11: We eat dumplings during Chinese New Year.
A12: 177 | B12: 84 | C12: 鸡蛋 | D12: jīdàn | E12: uova di gallina | F12: 早饭我吃了一个鸡蛋。 | G12: Zǎofàn wǒ chī le yí gè jīdàn. | H12: I ate an egg for breakfast.
A13: 178 | B13: 151 | C13: 牛奶 | D13: niúnǎi | E13: latte di mucca | F13: 我每天早上喝牛奶。 | G13: Wǒ měitiān zǎoshang hē niúnǎi. | H13: I drink milk every morning.
... A20: 185 | B20: 9 | C20: 杯子 | D20: bēizi | E20: tazza • bicchiere | F20: 请给我一个杯子。 | G20: Qǐng gěi wǒ yí gè bēizi. | H20: Please give me a cup.

Sheet 14 Classificatori e quantità
A1: N. studio | B1: N. HSK | C1: 汉字 · Caratteri | D1: Pinyin | E1: Significato italiano | F1: Esempio in cinese | G1: Pinyin frase | H1: Traduzione esempio EN
A2: 186 | B2: 60 | C2: 个 | D2: gè | E2: CL: persone e oggetti in genere | F2: 我要一个苹果。 | G2: Wǒ yào yí gè píngguǒ. | H2: I want an apple.
A3: 187 | B3: 10 | C3: 本 | D3: běn | E3: classificatore per libri | F3: 我买了三本书。 | G3: Wǒ mǎi le sān běn shū. | H3: I bought three books.
A4: 188 | B4: 89 | C4: 件 | D4: jiàn | E4: CL: abbigliamento, cose, event | F4: 我买了一件新衣服。 | G4: Wǒ mǎi le yí jiàn xīn yīfu. | H4: I bought a new piece of clothing.
A5: 189 | B5: 287 | C5: 只 | D5: zhī | E5: classificatore per alcuni animali e oggetti | F5: 桌子上有一只杯子。 | G5: Zhuōzi shàng yǒu yì zhī bēizi. | H5: There is a cup on the table.
A6: 190 | B6: 239 | C6: 些 | D6: xiē | E6: alcuni | F6: 给我一些水。 | G6: Gěi wǒ yìxiē shuǐ. | H6: Give me some water.
A7: 191 | B7: 262 | C7: 一些 | D7: yìxiē | E7: alcuni • pochi • un poco | F7: 我买了一些水果。 | G7: Wǒ mǎi le yìxiē shuǐguǒ. | H7: I bought some fruit.
A8: 192 | B8: 261 | C8: 一点儿 | D8: yìdiǎnr | E8: un po’ | F8: 我会说一点儿中文。 | G8: Wǒ huì shuō yìdiǎnr Zhōngwén. | H8: I can speak a little Chinese.
A9: 193 | B9: 265 | C9: 有点儿 | D9: yǒudiǎnr | E9: un po’; piuttosto | F9: 今天有点儿冷。 | G9: Jīntiān yǒudiǎnr lěng. | H9: It's a bit cold today.
A10: 194 | B10: 266 | C10: 有些 | D10: yǒuxiē | E10: alcuni | F10: 有些事情很难说。 | G10: Yǒuxiē shìqing hěn nán shuō. | H10: Some things are hard to say.
A11: 195 | B11: 264 | C11: 有的 | D11: yǒude | E11: alcuni di essi | F11: 有的人喜欢茶，有的人喜欢咖啡。 | G11: Yǒude rén xǐhuan chá, yǒude rén xǐhuan kāfēi. | H11: Some people like tea, some people like coffee.
A12: 196 | B12: 7 | C12: 半 | D12: bàn | E12: metà; mezzo | F12: 现在三点半。 | G12: Xiànzài sān diǎn bàn. | H12: It's half past three now.
A13: 197 | B13: 258 | C13: 一半 | D13: yíbàn | E13: metà | F13: 我吃了一半的苹果。 | G13: Wǒ chī le yíbàn de píngguǒ. | H13: I ate half of the apple.

Sheet 15 Acquisti e soldi
A1: N. studio | B1: N. HSK | C1: 汉字 · Caratteri | D1: Pinyin | E1: Significato italiano | F1: Esempio in cinese | G1: Pinyin frase | H1: Traduzione esempio EN
A2: 198 | B2: 116 | C2: 买 | D2: mǎi | E2: comprare | F2: 我想买一件衣服。 | G2: Wǒ xiǎng mǎi yí jiàn yīfu. | H2: I want to buy a piece of clothing.
A3: 199 | B3: 117 | C3: 卖 | D3: mài | E3: vendere | F3: 他在卖水果。 | G3: Tā zài mài shuǐguǒ. | H3: He is selling fruit.
A4: 200 | B4: 164 | C4: 钱 | D4: qián | E4: soldi | F4: 你有钱吗？ | G4: Nǐ yǒu qián ma? | H4: Do you have money?
A5: 201 | B5: 268 | C5: 元 | D5: yuán | E5: unità monetaria cinese • primo | F5: 这本书十五元。 | G5: Zhè běn shū shíwǔ yuán. | H5: This book is fifteen yuan.
A6: 202 | B6: 105 | C6: 块 | D6: kuài | E6: pezzo • CL: per denaro o valuta | F6: 这个苹果两块钱。 | G6: Zhège píngguǒ liǎng kuài qián. | H6: This apple costs two yuan.
A7: 203 | B7: 65 | C7: 贵 | D7: guì | E7: costoso | F7: 这件衣服太贵了。 | G7: Zhè jiàn yīfu tài guì le. | H7: This piece of clothing is too expensive.
A8: 204 | B8: 157 | C8: 便宜 | D8: piányi | E8: economico | F8: 这个很便宜，只要十块钱。 | G8: Zhège hěn piányi, zhǐ yào shí kuài qián. | H8: This is very cheap, only ten yuan.
A9: 205 | B9: 34 | C9: 店 | D9: diàn | E9: negozio • magazzino • albergo | F9: 这家店卖什么？ | G9: Zhè jiā diàn mài shénme? | H9: What does this shop sell?
A10: 206 | B10: 174 | C10: 商店 | D10: shāngdiàn | E10: negozio | F10: 商店几点关门？ | G10: Shāngdiàn jǐ diǎn guānmén? | H10: What time does the shop close?
A11: 207 | B11: 19 | C11: 超市 | D11: chāoshì | E11: supermercato | F11: 我去超市买水果。 | G11: Wǒ qù chāoshì mǎi shuǐguǒ. | H11: I'm going to the supermarket to buy fruit.
A12: 208 | B12: 191 | C12: 书店 | D12: shūdiàn | E12: libreria | F12: 我去书店买了两本书。 | G12: Wǒ qù shūdiàn mǎi le liǎng běn shū. | H12: I went to the bookstore and bought two books.
A13: 209 | B13: 40 | C13: 东西 | D13: dōngxi | E13: cosa; oggetto | F13: 我去商店买东西。 | G13: Wǒ qù shāngdiàn mǎi dōngxi. | H13: I'm going to the store to buy things.
A14: 210 | B14: 255 | C14: 衣服 | D14: yīfu | E14: vestiti; abbigliamento | F14: 这件衣服真好看。 | G14: Zhè jiàn yīfu zhēn hǎokàn. | H14: This piece of clothing is really good-looking.

Sheet 16 Aggettivi comuni
A1: N. studio | B1: N. HSK | C1: 汉字 · Caratteri | D1: Pinyin | E1: Significato italiano | F1: Esempio in cinese | G1: Pinyin frase | H1: Traduzione esempio EN
A2: 211 | B2: 71 | C2: 好 | D2: hǎo | E2: bene • buono | F2: 你好！你今天怎么样？ | G2: Nǐ hǎo! Nǐ jīntiān zěnmeyàng? | H2: Hello! How are you today?
A3: 212 | B3: 25 | C3: 大 | D3: dà | E3: grande | F3: 这个房间很大。 | G3: Zhège fángjiān hěn dà. | H3: This room is very big.
A4: 213 | B4: 234 | C4: 小 | D4: xiǎo | E4: piccolo | F4: 这个房间很小。 | G4: Zhège fángjiān hěn xiǎo. | H4: This room is very small.
A5: 214 | B5: 242 | C5: 新 | D5: xīn | E5: nuovo | F5: 我买了一个新手机。 | G5: Wǒ mǎi le yí gè xīn shǒujī. | H5: I bought a new phone.
A6: 215 | B6: 180 | C6: 少 | D6: shǎo | E6: poco | F6: 这个学校的学生很少。 | G6: Zhège xuéxiào de xuéshēng hěn shǎo. | H6: This school has very few students.
A7: 216 | B7: 57 | C7: 高兴 | D7: gāoxìng | E7: contento | F7: 认识你我很高兴。 | G7: Rènshi nǐ wǒ hěn gāoxìng. | H7: I'm very happy to meet you.
A8: 217 | B8: 118 | C8: 忙 | D8: máng | E8: occupato | F8: 最近工作很忙。 | G8: Zuìjìn gōngzuò hěn máng. | H8: Work has been very busy recently.
A9: 218 | B9: 158 | C9: 漂亮 | D9: piàoliang | E9: bella | F9: 你今天穿的衣服真漂亮。 | G9: Nǐ jīntiān chuān de yīfu zhēn piàoliang. | H9: The clothes you're wearing today are really beautiful.
A10: 219 | B10: 73 | C10: 好看 | D10: hǎokàn | E10: bello da vedere | F10: 那部电影很好看。 | G10: Nà bù diànyǐng hěn hǎokàn. | H10: That movie is really good.
A11: 220 | B11: 74 | C11: 好听 | D11: hǎotīng | E11: piacevole da ascoltare | F11: 她的声音很好听。 | G11: Tā de shēngyīn hěn hǎotīng. | H11: Her voice sounds very nice.
A12: 221 | B12: 75 | C12: 好玩儿 | D12: hǎowánr | E12: divertente | F12: 这个地方很好玩儿。 | G12: Zhège dìfang hěn hǎowánr. | H12: This place is really fun.

Sheet 17 Scuola e studio
A1: N. studio | B1: N. HSK | C1: 汉字 · Caratteri | D1: Pinyin | E1: Significato italiano | F1: Esempio in cinese | G1: Pinyin frase | H1: Traduzione esempio EN
A2: 222 | B2: 247 | C2: 学 | D2: xué | E2: imparare • studiare | F2: 我在学中文。 | G2: Wǒ zài xué Zhōngwén. | H2: I am learning Chinese.
A3: 223 | B3: 249 | C3: 学习 | D3: xuéxí | E3: studiare | F3: 他学习很努力。 | G3: Tā xuéxí hěn nǔlì. | H3: He studies very hard.
A4: 224 | B4: 248 | C4: 学生 | D4: xuéshēng | E4: studente | F4: 我们都是学生。 | G4: Wǒmen dōu shì xuéshēng. | H4: We are all students.
A5: 225 | B5: 250 | C5: 学校 | D5: xuéxiào | E5: scuola | F5: 我们的学校很大。 | G5: Wǒmen de xuéxiào hěn dà. | H5: Our school is very big.
A6: 226 | B6: 107 | C6: 老师 | D6: lǎoshī | E6: insegnante • maestro | F6: 老师在教室里。 | G6: Lǎoshī zài jiàoshì lǐ. | H6: The teacher is in the classroom.
A7: 227 | B7: 211 | C7: 同学 | D7: tóngxué | E7: compagno di classe | F7: 我和同学一起去学校。 | G7: Wǒ hé tóngxué yìqǐ qù xuéxiào. | H7: I go to school together with my classmate.
A8: 228 | B8: 103 | C8: 课 | D8: kè | E8: lezione • corso • materia | F8: 今天有三节课。 | G8: Jīntiān yǒu sān jié kè. | H8: There are three classes today.
A9: 229 | B9: 177 | C9: 上课 | D9: shàngkè | E9: andare a lezione | F9: 我们八点半上课。 | G9: Wǒmen bā diǎn bàn shàngkè. | H9: We start class at 8:30.
A10: 230 | B10: 229 | C10: 下课 | D10: xiàkè | E10: finire la lezione | F10: 下课了，我们去吃饭吧。 | G10: Xiàkè le, wǒmen qù chīfàn ba. | H10: Class is over, let's go eat.
A11: 231 | B11: 179 | C11: 上学 | D11: shàngxué | E11: andare a scuola | F11: 孩子们每天走路上学。 | G11: Háizimen měitiān zǒulù shàngxué. | H11: The children walk to school every day.
A12: 232 | B12: 190 | C12: 书 | D12: shū | E12: libro | F12: 这本书很有意思。 | G12: Zhè běn shū hěn yǒu yìsi. | H12: This book is very interesting.
A13: 233 | B13: 42 | C13: 读 | D13: dú | E13: leggere • studiare | F13: 请读这个句子。 | G13: Qǐng dú zhège jùzi. | H13: Please read this sentence.
... A22: 242 | B22: 220 | C22: 问题 | D22: wèntí | E22: domanda • problema • questione | F22: 这个问题不难。 | G22: Zhège wèntí bù nán. | H22: This question is not difficult.

Sheet 18 Casa, oggetti e animali
A1: N. studio | B1: N. HSK | C1: 汉字 · Caratteri | D1: Pinyin | E1: Significato italiano | F1: Esempio in cinese | G1: Pinyin frase | H1: Traduzione esempio EN
A2: 243 | B2: 52 | C2: 房间 | D2: fángjiān | E2: stanza | F2: 我的房间不大。 | G2: Wǒ de fángjiān bú dà. | H2: My room is not big.
A3: 244 | B3: 260 | C3: 椅子 | D3: yǐzi | E3: sedia | F3: 请坐在椅子上。 | G3: Qǐng zuò zài yǐzi shàng. | H3: Please sit on the chair.
A4: 245 | B4: 295 | C4: 桌子 | D4: zhuōzi | E4: tavolo | F4: 桌子上有一本书。 | G4: Zhuōzi shàng yǒu yì běn shū. | H4: There is a book on the table.
A5: 246 | B5: 189 | C5: 手机 | D5: shǒujī | E5: telefono cellulare | F5: 我的手机在哪儿？ | G5: Wǒ de shǒujī zài nǎr? | H5: Where is my phone?
A6: 247 | B6: 35 | C6: 电话 | D6: diànhuà | E6: telefono | F6: 你的电话号码是多少？ | G6: Nǐ de diànhuà hàomǎ shì duōshao? | H6: What is your phone number?
A7: 248 | B7: 36 | C7: 电脑 | D7: diànnǎo | E7: computer | F7: 我用电脑写作业。 | G7: Wǒ yòng diànnǎo xiě zuòyè. | H7: I use a computer to do homework.
A8: 249 | B8: 37 | C8: 电视 | D8: diànshì | E8: televisione | F8: 晚上我喜欢看电视。 | G8: Wǎnshang wǒ xǐhuan kàn diànshì. | H8: I like watching TV in the evening.
A9: 250 | B9: 38 | C9: 电影 | D9: diànyǐng | E9: film | F9: 我们去看电影吧。 | G9: Wǒmen qù kàn diànyǐng ba. | H9: Let's go watch a movie.
A10: 251 | B10: 58 | C10: 歌 | D10: gē | E10: canzone | F10: 这首歌很好听。 | G10: Zhè shǒu gē hěn hǎotīng. | H10: This song sounds really nice.
A11: 252 | B11: 64 | C11: 狗 | D11: gǒu | E11: cane | F11: 我家有一只狗。 | G11: Wǒ jiā yǒu yì zhī gǒu. | H11: My family has a dog.
A12: 253 | B12: 119 | C12: 猫 | D12: māo | E12: gatto | F12: 她家的猫很可爱。 | G12: Tā jiā de māo hěn kě'ài. | H12: Her cat is very cute.

Sheet 19 Meteo
A1: N. studio | B1: N. HSK | C1: 汉字 · Caratteri | D1: Pinyin | E1: Significato italiano | F1: Esempio in cinese | G1: Pinyin frase | H1: Traduzione esempio EN
A2: 254 | B2: 208 | C2: 天气 | D2: tiānqì | E2: tempo (clima) | F2: 今天天气怎么样？ | G2: Jīntiān tiānqì zěnmeyàng? | H2: How's the weather today?
A3: 255 | B3: 267 | C3: 雨 | D3: yǔ | E3: pioggia | F3: 外面的雨很大。 | G3: Wàimiàn de yǔ hěn dà. | H3: The rain outside is heavy.
A4: 256 | B4: 227 | C4: 下雨 | D4: xià yǔ | E4: piovere | F4: 明天可能会下雨。 | G4: Míngtiān kěnéng huì xià yǔ. | H4: It might rain tomorrow.
A5: 257 | B5: 251 | C5: 雪 | D5: xuě | E5: neve | F5: 冬天北京常常下雪。 | G5: Dōngtiān Běijīng chángcháng xià xuě. | H5: It often snows in Beijing in winter.
A6: 258 | B6: 109 | C6: 冷 | D6: lěng | E6: freddo | F6: 北京的冬天很冷。 | G6: Běijīng de dōngtiān hěn lěng. | H6: Winter in Beijing is very cold.
A7: 259 | B7: 169 | C7: 热 | D7: rè | E7: caldo | F7: 夏天很热。 | G7: Xiàtiān hěn rè. | H7: Summer is very hot.

Sheet 20 Luoghi e trasporti
A1: N. studio | B1: N. HSK | C1: 汉字 · Caratteri | D1: Pinyin | E1: Significato italiano | F1: Esempio in cinese | G1: Pinyin frase | H1: Traduzione esempio EN
A2: 260 | B2: 20 | C2: 车 | D2: chē | E2: auto • veicolo | F2: 他开车去上班。 | G2: Tā kāichē qù shàngbān. | H2: He drives to work.
A3: 261 | B3: 22 | C3: 出租车 | D3: chūzūchē | E3: taxi | F3: 我们坐出租车去机场。 | G3: Wǒmen zuò chūzūchē qù jīchǎng. | H3: We take a taxi to the airport.
A4: 262 | B4: 54 | C4: 飞机 | D4: fēijī | E4: aereo | F4: 我坐飞机去北京。 | G4: Wǒ zuò fēijī qù Běijīng. | H4: I fly to Beijing.
A5: 263 | B5: 83 | C5: 火车 | D5: huǒchē | E5: treno | F5: 坐火车去上海要五个小时。 | G5: Zuò huǒchē qù Shànghǎi yào wǔ gè xiǎoshí. | H5: It takes five hours to go to Shanghai by train.
A6: 264 | B6: 98 | C6: 开车 | D6: kāichē | E6: guidare un'auto | F6: 我不会开车。 | G6: Wǒ bú huì kāichē. | H6: I can't drive.
A7: 265 | B7: 298 | C7: 坐 | D7: zuò | E7: sedersi; prendere un mezzo | F7: 我们坐车去学校。 | G7: Wǒmen zuò chē qù xuéxiào. | H7: We take a car to school.
A8: 266 | B8: 294 | C8: 住 | D8: zhù | E8: vivere | F8: 你住在哪儿？ | G8: Nǐ zhù zài nǎr? | H8: Where do you live?
A9: 267 | B9: 51 | C9: 饭店 | D9: fàndiàn | E9: ristorante • albergo | F9: 我们去那家饭店吃饭。 | G9: Wǒmen qù nà jiā fàndiàn chīfàn. | H9: Let's go eat at that restaurant.
A10: 268 | B10: 39 | C10: 电影院 | D10: diànyǐngyuàn | E10: cinema • sala cinematografica | F10: 电影院在超市的旁边。 | G10: Diànyǐngyuàn zài chāoshì de pángbiān. | H10: The cinema is next to the supermarket.

Sheet 21 Azioni di tutti i giorni
A1: N. studio | B1: N. HSK | C1: 汉字 · Caratteri | D1: Pinyin | E1: Significato italiano | F1: Esempio in cinese | G1: Pinyin frase | H1: Traduzione esempio EN
A2: 269 | B2: 88 | C2: 见 | D2: jiàn | E2: vedere; incontrare | F2: 很高兴见到你。 | G2: Hěn gāoxìng jiàndào nǐ. | H2: Nice to meet you.
A3: 270 | B3: 101 | C3: 看见 | D3: kànjiàn | E3: vedere; scorgere | F3: 我看见他了。 | G3: Wǒ kànjiàn tā le. | H3: I saw him.
A4: 271 | B4: 210 | C4: 听见 | D4: tīngjiàn | E4: sentire; udire | F4: 你听见了吗？ | G4: Nǐ tīngjiàn le ma? | H4: Did you hear that?
A5: 272 | B5: 219 | C5: 问 | D5: wèn | E5: chiedere | F5: 我问你一个问题。 | G5: Wǒ wèn nǐ yí gè wèntí. | H5: I'll ask you a question.
A6: 273 | B6: 278 | C6: 找 | D6: zhǎo | E6: cercare • trovare • restituire | F6: 我在找我的手机。 | G6: Wǒ zài zhǎo wǒ de shǒujī. | H6: I'm looking for my phone.
A7: 274 | B7: 24 | C7: 打电话 | D7: dǎ diànhuà | E7: chiamare al telefono | F7: 我给妈妈打电话了。 | G7: Wǒ gěi māma dǎ diànhuà le. | H7: I called Mom.
A8: 275 | B8: 23 | C8: 穿 | D8: chuān | E8: vestirsi • indossare | F8: 今天很冷，多穿点衣服。 | G8: Jīntiān hěn lěng, duō chuān diǎn yīfu. | H8: It's cold today, wear more clothes.
A9: 276 | B9: 18 | C9: 唱 | D9: chàng | E9: cantare | F9: 她很喜欢唱歌。 | G9: Tā hěn xǐhuan chànggē. | H9: She really likes to sing.
A10: 277 | B10: 97 | C10: 开 | D10: kāi | E10: aprire • cominciare • condurre | F10: 请开门。 | G10: Qǐng kāi mén. | H10: Please open the door.
A11: 278 | B11: 214 | C11: 玩 | D11: wán | E11: giocare • divertirsi | F11: 周末我和朋友出去玩。 | G11: Zhōumò wǒ hé péngyou chūqù wán. | H11: I go out to have fun with friends on weekends.
A12: 279 | B12: 246 | C12: 休息 | D12: xiūxi | E12: riposare | F12: 你应该休息一下。 | G12: Nǐ yīnggāi xiūxi yíxià. | H12: You should take a rest.
A13: 280 | B13: 96 | C13: 觉得 | D13: juéde | E13: pensare • sentire | F13: 我觉得中文很有意思。 | G13: Wǒ juéde Zhōngwén hěn yǒu yìsi. | H13: I think Chinese is very interesting.
A14: 281 | B14: 197 | C14: 说话 | D14: shuōhuà | E14: parlare | F14: 上课的时候不要说话。 | G14: Shàngkè de shíhou búyào shuōhuà. | H14: Don't talk during class.

Sheet 22 Lavoro e salute
A1: N. studio | B1: N. HSK | C1: 汉字 · Caratteri | D1: Pinyin | E1: Significato italiano | F1: Esempio in cinese | G1: Pinyin frase | H1: Traduzione esempio EN
A2: 282 | B2: 63 | C2: 工作 | D2: gōngzuò | E2: lavoro | F2: 你在哪儿工作？ | G2: Nǐ zài nǎr gōngzuò? | H2: Where do you work?
A3: 283 | B3: 62 | C3: 公司 | D3: gōngsī | E3: compagnia | F3: 他在一家大公司工作。 | G3: Tā zài yì jiā dà gōngsī gōngzuò. | H3: He works at a big company.
A4: 284 | B4: 176 | C4: 上班 | D4: shàngbān | E4: andare al lavoro | F4: 爸爸每天八点上班。 | G4: Bàba měitiān bā diǎn shàngbān. | H4: Dad goes to work at eight every day.
A5: 285 | B5: 228 | C5: 下班 | D5: xiàbān | E5: finire di lavorare | F5: 你几点下班？ | G5: Nǐ jǐ diǎn xiàbān? | H5: What time do you get off work?
A6: 286 | B6: 256 | C6: 医生 | D6: yīshēng | E6: dottore | F6: 她是一个医生。 | G6: Tā shì yí gè yīshēng. | H6: She is a doctor.
A7: 287 | B7: 257 | C7: 医院 | D7: yīyuàn | E7: ospedale | F7: 医院离学校很近。 | G7: Yīyuàn lí xuéxiào hěn jìn. | H7: The hospital is very close to the school.
A8: 288 | B8: 12 | C8: 病 | D8: bìng | E8: malattia; essere malato | F8: 他生病了，不能来上课。 | G8: Tā shēngbìng le, bù néng lái shàngkè. | H8: He is sick and can't come to class.
A9: 289 | B9: 183 | C9: 生病 | D9: shēngbìng | E9: ammalarsi | F9: 他昨天生病了。 | G9: Tā zuótiān shēngbìng le. | H9: He got sick yesterday.
A10: 290 | B10: 100 | C10: 看病 | D10: kànbìng | E10: vedere un dottore | F10: 他去医院看病了。 | G10: Tā qù yīyuàn kànbìng le. | H10: He went to the hospital to see a doctor.

Sheet 23 Grammatica avanzata
A1: N. studio | B1: N. HSK | C1: 汉字 · Caratteri | D1: Pinyin | E1: Significato italiano | F1: Esempio in cinese | G1: Pinyin frase | H1: Traduzione esempio EN
A2: 291 | B2: 108 | C2: 了 | D2: le | E2: particella di azione compiuta o cambiamento | F2: 我吃了早饭了。 | G2: Wǒ chī le zǎofàn le. | H2: I've eaten breakfast.
A3: 292 | B3: 286 | C3: 正在 | D3: zhèngzài | E3: stare facendo (azione in corso) | F3: 我正在写作业。 | G3: Wǒ zhèngzài xiě zuòyè. | H3: I'm doing my homework right now.
A4: 293 | B4: 67 | C4: 还 | D4: hái | E4: ancora; anche | F4: 我还没有吃饭。 | G4: Wǒ hái méiyǒu chīfàn. | H4: I haven't eaten yet.
A5: 294 | B5: 270 | C5: 再 | D5: zài | E5: di nuovo; ancora | F5: 请再说一次。 | G5: Qǐng zài shuō yí cì. | H5: Please say it one more time.
A6: 295 | B6: 15 | C6: 不要 | D6: búyào | E6: non fare; non volere | F6: 请不要在这里吃东西。 | G6: Qǐng búyào zài zhèlǐ chī dōngxi. | H6: Please don't eat here.
A7: 296 | B7: 78 | C7: 和 | D7: hé | E7: e | F7: 我和朋友一起去。 | G7: Wǒ hé péngyou yìqǐ qù. | H7: I go together with my friend.
A8: 297 | B8: 61 | C8: 给 | D8: gěi | E8: dare • permettere • per (qualcuno) | F8: 妈妈给我买了一本书。 | G8: Māma gěi wǒ mǎi le yì běn shū. | H8: Mom bought me a book.
A9: 298 | B9: 259 | C9: 一下 | D9: yíxià | E9: un momento; un po’ (dopo verbo) | F9: 请你等一下。 | G9: Qǐng nǐ děng yíxià. | H9: Please wait a moment.
A10: 299 | B10: 44 | C10: 对 | D10: duì | E10: corretto; verso | F10: 你说得对。 | G10: Nǐ shuō de duì. | H10: You're right.
A11: 300 | B11: 187 | C11: 事 | D11: shì | E11: cosa; faccenda | F11: 你有什么事？ | G11: Nǐ yǒu shénme shì? | H11: What's the matter?

Sheet Indice unità
A1: Fase | B1: Unità | C1: Numero vocaboli | D1: Indicazione didattica
A2: Fase 1 · Fondamenta | B2: 01 Numeri | C2: =COUNTIF('Tutti in ordine di studio'!$B$2:$B$301,B2) -> 15 | D2: Conta da 0 a 1000: ti servono per date, orari e prezzi.
A3: Fase 1 · Fondamenta | B3: 02 Saluti e cortesia | C3: =COUNTIF('Tutti in ordine di studio'!$B$2:$B$301,B3) -> 10 | D3: Le formule da usare dal primo giorno di lezione.
A4: Fase 1 · Fondamenta | B4: 03 Pronomi personali | C4: =COUNTIF('Tutti in ordine di studio'!$B$2:$B$301,B4) -> 13 | D4: Chi parla e di chi si parla.
A5: Fase 1 · Fondamenta | B5: 04 Presentarsi | C5: =COUNTIF('Tutti in ordine di studio'!$B$2:$B$301,B5) -> 10 | D5: Nome, paese, lingua: la tua prima presentazione.
A6: Fase 1 · Fondamenta | B6: 05 Particelle e parole-chiave | C6: =COUNTIF('Tutti in ordine di studio'!$B$2:$B$301,B6) -> 14 | D6: I mattoncini delle frasi: negare, intensificare, domandare.
A7: Fase 1 · Fondamenta | B7: 06 Famiglia e persone | C7: =COUNTIF('Tutti in ordine di studio'!$B$2:$B$301,B7) -> 21 | D7: Parenti, amici e come rivolgersi agli altri.
A8: Fase 1 · Fondamenta | B8: 07 Parole interrogative | C8: =COUNTIF('Tutti in ordine di studio'!$B$2:$B$301,B8) -> 12 | D8: Chi, cosa, dove, quanto: per fare domande.
A9: Fase 2 · Vita quotidiana | B9: 08 Questo, quello, qui, là | C9: =COUNTIF('Tutti in ordine di studio'!$B$2:$B$301,B9) -> 12 | D9: Indicare cose e luoghi.
A10: Fase 2 · Vita quotidiana | B10: 09 Posizione | C10: =COUNTIF('Tutti in ordine di studio'!$B$2:$B$301,B10) -> 8 | D10: Sopra, sotto, dentro, fuori, davanti, dietro.
A11: Fase 2 · Vita quotidiana | B11: 10 Verbi essenziali | C11: =COUNTIF('Tutti in ordine di studio'!$B$2:$B$301,B11) -> 19 | D11: I verbi che userai più spesso in assoluto.
A12: Fase 2 · Vita quotidiana | B12: 11 Tempo: date e orari | C12: =COUNTIF('Tutti in ordine di studio'!$B$2:$B$301,B12) -> 21 | D12: Giorni, mesi, anni, ore e minuti.
A13: Fase 2 · Vita quotidiana | B13: 12 Momenti della giornata | C13: =COUNTIF('Tutti in ordine di studio'!$B$2:$B$301,B13) -> 11 | D13: Mattina, sera e routine di tutti i giorni.
... A24: Fase 3 · Ampliamento | B24: 23 Grammatica avanzata | C24: =COUNTIF('Tutti in ordine di studio'!$B$2:$B$301,B24) -> 10 | D24: Aspetto, ripetizione, coordinazione: per frasi più naturali.
A25: TOTALE | C25: =SUM(C2:C24) -> 300 | D25: Ogni parola compare in una sola unità, in ordine di studio da #001 a #300.
